name,place_id,website,inventory_link,monitor,acknowledged
Conn's HomePlus,ChIJ17j05fsuWIgRshyWFuhz-jg,https://www.conns.com/sc/greenville/605-haywood-rd-29607?utm_source=google&utm_medium=organic&utm_campaign=gbp_listing,https://www.conns.com/appliances/washers-and-dryers,FALSE,
Conn's HomePlus,ChIJ17j05fsuWIgRshyWFuhz-jg,https://www.conns.com/sc/greenville/605-haywood-rd-29607?utm_source=google&utm_medium=organic&utm_campaign=gbp_listing,https://www.conns.com/appliances/washers-and-dryers,FALSE,
Conn's HomePlus,ChIJ17j05fsuWIgRshyWFuhz-jg,https://www.conns.com/sc/greenville/605-haywood-rd-29607?utm_source=google&utm_medium=organic&utm_campaign=gbp_listing,https://www.conns.com/appliances/washers-and-dryers/top-load-washers/,FALSE,
Conn's HomePlus,ChIJ17j05fsuWIgRshyWFuhz-jg,https://www.conns.com/sc/greenville/605-haywood-rd-29607?utm_source=google&utm_medium=organic&utm_campaign=gbp_listing,https://www.conns.com/appliances/washers-and-dryers/front-load-washer,FALSE,
Conn's HomePlus,ChIJ17j05fsuWIgRshyWFuhz-jg,https://www.conns.com/sc/greenville/605-haywood-rd-29607?utm_source=google&utm_medium=organic&utm_campaign=gbp_listing,https://www.conns.com/appliances/washers-and-dryers/gas-dryers,FALSE,
Conn's HomePlus,ChIJ17j05fsuWIgRshyWFuhz-jg,https://www.conns.com/sc/greenville/605-haywood-rd-29607?utm_source=google&utm_medium=organic&utm_campaign=gbp_listing,https://www.conns.com/appliances/washers-and-dryers/electric-dryers,FALSE,
Conn's HomePlus,ChIJ17j05fsuWIgRshyWFuhz-jg,https://www.conns.com/sc/greenville/605-haywood-rd-29607?utm_source=google&utm_medium=organic&utm_campaign=gbp_listing,https://www.conns.com/appliances/washers-and-dryers/combo,FALSE,
Conn's HomePlus,ChIJ17j05fsuWIgRshyWFuhz-jg,https://www.conns.com/sc/greenville/605-haywood-rd-29607?utm_source=google&utm_medium=organic&utm_campaign=gbp_listing,https://www.conns.com/appliances/dishwashers,FALSE,
Conn's HomePlus,ChIJ17j05fsuWIgRshyWFuhz-jg,https://www.conns.com/sc/greenville/605-haywood-rd-29607?utm_source=google&utm_medium=organic&utm_campaign=gbp_listing,https://www.conns.com/appliances/dishwashers,FALSE,
Conn's HomePlus,ChIJ17j05fsuWIgRshyWFuhz-jg,https://www.conns.com/sc/greenville/605-haywood-rd-29607?utm_source=google&utm_medium=organic&utm_campaign=gbp_listing,https://www.conns.com/appliances/dishwashers/top-control,FALSE,
Conn's HomePlus,ChIJ17j05fsuWIgRshyWFuhz-jg,https://www.conns.com/sc/greenville/605-haywood-rd-29607?utm_source=google&utm_medium=organic&utm_campaign=gbp_listing,https://www.conns.com/appliances/dishwashers/front-control,FALSE,
Conn's HomePlus,ChIJ17j05fsuWIgRshyWFuhz-jg,https://www.conns.com/sc/greenville/605-haywood-rd-29607?utm_source=google&utm_medium=organic&utm_campaign=gbp_listing,https://www.conns.com/appliances/parts-and-accessories/washers-dryers,FALSE,
Conn's HomePlus,ChIJ17j05fsuWIgRshyWFuhz-jg,https://www.conns.com/sc/greenville/605-haywood-rd-29607?utm_source=google&utm_medium=organic&utm_campaign=gbp_listing,https://www.conns.com/deals/clearance/clearance-appliances/washers/,FALSE,
Conn's HomePlus,ChIJ17j05fsuWIgRshyWFuhz-jg,https://www.conns.com/sc/greenville/605-haywood-rd-29607?utm_source=google&utm_medium=organic&utm_campaign=gbp_listing,https://www.conns.com/clearance/appliances/dryers,FALSE,
Conn's HomePlus,ChIJ17j05fsuWIgRshyWFuhz-jg,https://www.conns.com/sc/greenville/605-haywood-rd-29607?utm_source=google&utm_medium=organic&utm_campaign=gbp_listing,https://www.conns.com/clearance/appliances/dishwashers,FALSE,
Conn's HomePlus,ChIJ17j05fsuWIgRshyWFuhz-jg,https://www.conns.com/sc/greenville/605-haywood-rd-29607?utm_source=google&utm_medium=organic&utm_campaign=gbp_listing,https://www.conns.com/buying-guide/washers-and-dryers,FALSE,
Conn's HomePlus,ChIJ17j05fsuWIgRshyWFuhz-jg,https://www.conns.com/sc/greenville/605-haywood-rd-29607?utm_source=google&utm_medium=organic&utm_campaign=gbp_listing,https://www.conns.com/appliances/washers-and-dryers,FALSE,
Conn's HomePlus,ChIJ17j05fsuWIgRshyWFuhz-jg,https://www.conns.com/sc/greenville/605-haywood-rd-29607?utm_source=google&utm_medium=organic&utm_campaign=gbp_listing,https://www.conns.com/appliances/washers-and-dryers,FALSE,
Conn's HomePlus,ChIJ17j05fsuWIgRshyWFuhz-jg,https://www.conns.com/sc/greenville/605-haywood-rd-29607?utm_source=google&utm_medium=organic&utm_campaign=gbp_listing,https://www.conns.com/appliances/washers-and-dryers/top-load-washers/,FALSE,
Conn's HomePlus,ChIJ17j05fsuWIgRshyWFuhz-jg,https://www.conns.com/sc/greenville/605-haywood-rd-29607?utm_source=google&utm_medium=organic&utm_campaign=gbp_listing,https://www.conns.com/appliances/washers-and-dryers/front-load-washer,FALSE,
Conn's HomePlus,ChIJ17j05fsuWIgRshyWFuhz-jg,https://www.conns.com/sc/greenville/605-haywood-rd-29607?utm_source=google&utm_medium=organic&utm_campaign=gbp_listing,https://www.conns.com/appliances/washers-and-dryers/gas-dryers,FALSE,
Conn's HomePlus,ChIJ17j05fsuWIgRshyWFuhz-jg,https://www.conns.com/sc/greenville/605-haywood-rd-29607?utm_source=google&utm_medium=organic&utm_campaign=gbp_listing,https://www.conns.com/appliances/washers-and-dryers/electric-dryers,FALSE,
Conn's HomePlus,ChIJ17j05fsuWIgRshyWFuhz-jg,https://www.conns.com/sc/greenville/605-haywood-rd-29607?utm_source=google&utm_medium=organic&utm_campaign=gbp_listing,https://www.conns.com/appliances/washers-and-dryers/combo,FALSE,
Conn's HomePlus,ChIJ17j05fsuWIgRshyWFuhz-jg,https://www.conns.com/sc/greenville/605-haywood-rd-29607?utm_source=google&utm_medium=organic&utm_campaign=gbp_listing,https://www.conns.com/appliances/dishwashers,FALSE,
Conn's HomePlus,ChIJ17j05fsuWIgRshyWFuhz-jg,https://www.conns.com/sc/greenville/605-haywood-rd-29607?utm_source=google&utm_medium=organic&utm_campaign=gbp_listing,https://www.conns.com/appliances/dishwashers,FALSE,
Conn's HomePlus,ChIJ17j05fsuWIgRshyWFuhz-jg,https://www.conns.com/sc/greenville/605-haywood-rd-29607?utm_source=google&utm_medium=organic&utm_campaign=gbp_listing,https://www.conns.com/appliances/dishwashers/top-control,FALSE,
Conn's HomePlus,ChIJ17j05fsuWIgRshyWFuhz-jg,https://www.conns.com/sc/greenville/605-haywood-rd-29607?utm_source=google&utm_medium=organic&utm_campaign=gbp_listing,https://www.conns.com/appliances/dishwashers/front-control,FALSE,
Conn's HomePlus,ChIJ17j05fsuWIgRshyWFuhz-jg,https://www.conns.com/sc/greenville/605-haywood-rd-29607?utm_source=google&utm_medium=organic&utm_campaign=gbp_listing,https://www.conns.com/appliances/parts-and-accessories/washers-dryers,FALSE,
Conn's HomePlus,ChIJ17j05fsuWIgRshyWFuhz-jg,https://www.conns.com/sc/greenville/605-haywood-rd-29607?utm_source=google&utm_medium=organic&utm_campaign=gbp_listing,https://www.conns.com/deals/clearance/clearance-appliances/washers/,FALSE,
Conn's HomePlus,ChIJ17j05fsuWIgRshyWFuhz-jg,https://www.conns.com/sc/greenville/605-haywood-rd-29607?utm_source=google&utm_medium=organic&utm_campaign=gbp_listing,https://www.conns.com/clearance/appliances/dryers,FALSE,
Conn's HomePlus,ChIJ17j05fsuWIgRshyWFuhz-jg,https://www.conns.com/sc/greenville/605-haywood-rd-29607?utm_source=google&utm_medium=organic&utm_campaign=gbp_listing,https://www.conns.com/clearance/appliances/dishwashers,FALSE,
Conn's HomePlus,ChIJ17j05fsuWIgRshyWFuhz-jg,https://www.conns.com/sc/greenville/605-haywood-rd-29607?utm_source=google&utm_medium=organic&utm_campaign=gbp_listing,https://www.conns.com/buying-guide/washers-and-dryers,FALSE,
Affordable Appliances of Anderson,ChIJByZ05d9vWIgRy91btBqo2gY,http://www.affordableappliancesofanderson.com/,https://affordableappliancesofanderson.com/dryer-repair-service/,FALSE,x
Affordable Appliances of Anderson,ChIJByZ05d9vWIgRy91btBqo2gY,http://www.affordableappliancesofanderson.com/,https://affordableappliancesofanderson.com/dryer-vent-cleaning-service/,FALSE,x
Affordable Appliances of Anderson,ChIJByZ05d9vWIgRy91btBqo2gY,http://www.affordableappliancesofanderson.com/,https://affordableappliancesofanderson.com/product-category/dryers/,FALSE,x
Affordable Appliances of Anderson,ChIJByZ05d9vWIgRy91btBqo2gY,http://www.affordableappliancesofanderson.com/,https://affordableappliancesofanderson.com/dryer-repair-service/,FALSE,x
Affordable Appliances of Anderson,ChIJByZ05d9vWIgRy91btBqo2gY,http://www.affordableappliancesofanderson.com/,https://affordableappliancesofanderson.com/dryer-vent-cleaning-service/,FALSE,x
Affordable Appliances of Anderson,ChIJByZ05d9vWIgRy91btBqo2gY,http://www.affordableappliancesofanderson.com/,https://affordableappliancesofanderson.com/product-category/dryers/,FALSE,x
Fannings Appliances,ChIJW-vkxgo3WIgRJEQSR-Hpyjk,http://www.fanningsappliance.com/,https://www.fanningsappliance.com/dishwashers/,FALSE,x
Fannings Appliances,ChIJW-vkxgo3WIgRJEQSR-Hpyjk,http://www.fanningsappliance.com/,https://www.fanningsappliance.com/dishwashers/stainless-steel/,FALSE,x
Fannings Appliances,ChIJW-vkxgo3WIgRJEQSR-Hpyjk,http://www.fanningsappliance.com/,https://www.fanningsappliance.com/dishwashers/black-stainless/,FALSE,x
Fannings Appliances,ChIJW-vkxgo3WIgRJEQSR-Hpyjk,http://www.fanningsappliance.com/,https://www.fanningsappliance.com/dishwashers/black/,FALSE,x
Fannings Appliances,ChIJW-vkxgo3WIgRJEQSR-Hpyjk,http://www.fanningsappliance.com/,https://www.fanningsappliance.com/dishwashers/white/,FALSE,x
Fannings Appliances,ChIJW-vkxgo3WIgRJEQSR-Hpyjk,http://www.fanningsappliance.com/,https://www.fanningsappliance.com/laundry/dryers/,,x
Fannings Appliances,ChIJW-vkxgo3WIgRJEQSR-Hpyjk,http://www.fanningsappliance.com/,https://www.fanningsappliance.com/laundry/dryers/top-load/,,x
Fannings Appliances,ChIJW-vkxgo3WIgRJEQSR-Hpyjk,http://www.fanningsappliance.com/,https://www.fanningsappliance.com/laundry/dryers/top-load/gas/,FALSE,x
Fannings Appliances,ChIJW-vkxgo3WIgRJEQSR-Hpyjk,http://www.fanningsappliance.com/,https://www.fanningsappliance.com/laundry/dryers/top-load/electric/,,x
Fannings Appliances,ChIJW-vkxgo3WIgRJEQSR-Hpyjk,http://www.fanningsappliance.com/,https://www.fanningsappliance.com/laundry/dryers/front-load/,,x
Fannings Appliances,ChIJW-vkxgo3WIgRJEQSR-Hpyjk,http://www.fanningsappliance.com/,https://www.fanningsappliance.com/laundry/dryers/front-load/gas/,FALSE,x
Fannings Appliances,ChIJW-vkxgo3WIgRJEQSR-Hpyjk,http://www.fanningsappliance.com/,https://www.fanningsappliance.com/laundry/dryers/front-load/electric/,,x
Fannings Appliances,ChIJW-vkxgo3WIgRJEQSR-Hpyjk,http://www.fanningsappliance.com/,https://www.fanningsappliance.com/laundry/washers/,,x
Fannings Appliances,ChIJW-vkxgo3WIgRJEQSR-Hpyjk,http://www.fanningsappliance.com/,https://www.fanningsappliance.com/laundry/washers/top-load/,,x
Fannings Appliances,ChIJW-vkxgo3WIgRJEQSR-Hpyjk,http://www.fanningsappliance.com/,https://www.fanningsappliance.com/laundry/washers/front-load/,,x
Fannings Appliances,ChIJW-vkxgo3WIgRJEQSR-Hpyjk,http://www.fanningsappliance.com/,https://www.fanningsappliance.com/dishwashers/,FALSE,x
Fannings Appliances,ChIJW-vkxgo3WIgRJEQSR-Hpyjk,http://www.fanningsappliance.com/,https://www.fanningsappliance.com/dishwashers/stainless-steel/,FALSE,x
Fannings Appliances,ChIJW-vkxgo3WIgRJEQSR-Hpyjk,http://www.fanningsappliance.com/,https://www.fanningsappliance.com/dishwashers/black-stainless/,FALSE,x
Fannings Appliances,ChIJW-vkxgo3WIgRJEQSR-Hpyjk,http://www.fanningsappliance.com/,https://www.fanningsappliance.com/dishwashers/black/,FALSE,x
Fannings Appliances,ChIJW-vkxgo3WIgRJEQSR-Hpyjk,http://www.fanningsappliance.com/,https://www.fanningsappliance.com/dishwashers/white/,FALSE,x
Fannings Appliances,ChIJW-vkxgo3WIgRJEQSR-Hpyjk,http://www.fanningsappliance.com/,https://www.fanningsappliance.com/dishwashers/,FALSE,x
Fannings Appliances,ChIJW-vkxgo3WIgRJEQSR-Hpyjk,http://www.fanningsappliance.com/,https://www.fanningsappliance.com/laundry/dryers/,,x
Fannings Appliances,ChIJW-vkxgo3WIgRJEQSR-Hpyjk,http://www.fanningsappliance.com/,https://www.fanningsappliance.com/laundry/dryers/top-load/,,x
Fannings Appliances,ChIJW-vkxgo3WIgRJEQSR-Hpyjk,http://www.fanningsappliance.com/,https://www.fanningsappliance.com/laundry/dryers/top-load/gas/,FALSE,x
Fannings Appliances,ChIJW-vkxgo3WIgRJEQSR-Hpyjk,http://www.fanningsappliance.com/,https://www.fanningsappliance.com/laundry/dryers/top-load/electric/,,x
Fannings Appliances,ChIJW-vkxgo3WIgRJEQSR-Hpyjk,http://www.fanningsappliance.com/,https://www.fanningsappliance.com/laundry/dryers/front-load/,,x
Fannings Appliances,ChIJW-vkxgo3WIgRJEQSR-Hpyjk,http://www.fanningsappliance.com/,https://www.fanningsappliance.com/laundry/dryers/front-load/gas/,FALSE,x
Fannings Appliances,ChIJW-vkxgo3WIgRJEQSR-Hpyjk,http://www.fanningsappliance.com/,https://www.fanningsappliance.com/laundry/dryers/front-load/electric/,,x
Fannings Appliances,ChIJW-vkxgo3WIgRJEQSR-Hpyjk,http://www.fanningsappliance.com/,https://www.fanningsappliance.com/laundry/washers/,,x
Fannings Appliances,ChIJW-vkxgo3WIgRJEQSR-Hpyjk,http://www.fanningsappliance.com/,https://www.fanningsappliance.com/laundry/washers/top-load/,,x
Fannings Appliances,ChIJW-vkxgo3WIgRJEQSR-Hpyjk,http://www.fanningsappliance.com/,https://www.fanningsappliance.com/laundry/washers/front-load/,,x
Fannings Appliances,ChIJW-vkxgo3WIgRJEQSR-Hpyjk,http://www.fanningsappliance.com/,https://www.fanningsappliance.com/laundry/washers/,,x
Fannings Appliances,ChIJW-vkxgo3WIgRJEQSR-Hpyjk,http://www.fanningsappliance.com/,https://www.fanningsappliance.com/laundry/washers/,,x
Fannings Appliances,ChIJW-vkxgo3WIgRJEQSR-Hpyjk,http://www.fanningsappliance.com/,https://www.fanningsappliance.com/laundry/dryers/,,x
Fannings Appliances,ChIJW-vkxgo3WIgRJEQSR-Hpyjk,http://www.fanningsappliance.com/,https://www.fanningsappliance.com/laundry/dryers/,,x
Fannings Appliances,ChIJW-vkxgo3WIgRJEQSR-Hpyjk,http://www.fanningsappliance.com/,https://www.fanningsappliance.com/dishwashers/,FALSE,x
Fannings Appliances,ChIJW-vkxgo3WIgRJEQSR-Hpyjk,http://www.fanningsappliance.com/,https://www.fanningsappliance.com/dishwashers/,FALSE,x
Fannings Appliances,ChIJW-vkxgo3WIgRJEQSR-Hpyjk,http://www.fanningsappliance.com/,https://www.fanningsappliance.com/ge-gfw655spvds-50-cuft-smart-front-load-washer-in.html,,x
Fannings Appliances,ChIJW-vkxgo3WIgRJEQSR-Hpyjk,http://www.fanningsappliance.com/,https://www.fanningsappliance.com/ge-gfw655spvds-50-cuft-smart-front-load-washer-in.html,,x
Bob Burnett Inc Appliance & Bedding Inc,ChIJlSOmofN1V4gRQyvbk2pxU4w,http://www.bobburnetts.com/,https://www.bobburnetts.com/catalog/dishwashers,FALSE,x
White's Appliance,ChIJCU-vERxIWIgRCuRZudOcz3s,http://www.whitesappliance.com/,https://www.whitesappliance.com/catalog/dishwashers,FALSE,x
Fanning's Appliances,ChIJw-8pqbWLV4gR65OQhEZ5DUw,http://www.fanningsappliance.com/,https://www.fanningsappliance.com/dishwashers/,FALSE,x
Fanning's Appliances,ChIJw-8pqbWLV4gR65OQhEZ5DUw,http://www.fanningsappliance.com/,https://www.fanningsappliance.com/dishwashers/stainless-steel/,FALSE,x
Fanning's Appliances,ChIJw-8pqbWLV4gR65OQhEZ5DUw,http://www.fanningsappliance.com/,https://www.fanningsappliance.com/dishwashers/black-stainless/,FALSE,x
Fanning's Appliances,ChIJw-8pqbWLV4gR65OQhEZ5DUw,http://www.fanningsappliance.com/,https://www.fanningsappliance.com/dishwashers/black/,FALSE,x
Fanning's Appliances,ChIJw-8pqbWLV4gR65OQhEZ5DUw,http://www.fanningsappliance.com/,https://www.fanningsappliance.com/dishwashers/white/,FALSE,x
Fanning's Appliances,ChIJw-8pqbWLV4gR65OQhEZ5DUw,http://www.fanningsappliance.com/,https://www.fanningsappliance.com/laundry/dryers/,,x
Fanning's Appliances,ChIJw-8pqbWLV4gR65OQhEZ5DUw,http://www.fanningsappliance.com/,https://www.fanningsappliance.com/laundry/dryers/top-load/,,x
Fanning's Appliances,ChIJw-8pqbWLV4gR65OQhEZ5DUw,http://www.fanningsappliance.com/,https://www.fanningsappliance.com/laundry/dryers/top-load/gas/,FALSE,x
Fanning's Appliances,ChIJw-8pqbWLV4gR65OQhEZ5DUw,http://www.fanningsappliance.com/,https://www.fanningsappliance.com/laundry/dryers/top-load/electric/,,x
Fanning's Appliances,ChIJw-8pqbWLV4gR65OQhEZ5DUw,http://www.fanningsappliance.com/,https://www.fanningsappliance.com/laundry/dryers/front-load/,,x
Fanning's Appliances,ChIJw-8pqbWLV4gR65OQhEZ5DUw,http://www.fanningsappliance.com/,https://www.fanningsappliance.com/laundry/dryers/front-load/gas/,FALSE,x
Fanning's Appliances,ChIJw-8pqbWLV4gR65OQhEZ5DUw,http://www.fanningsappliance.com/,https://www.fanningsappliance.com/laundry/dryers/front-load/electric/,,x
Fanning's Appliances,ChIJw-8pqbWLV4gR65OQhEZ5DUw,http://www.fanningsappliance.com/,https://www.fanningsappliance.com/laundry/washers/,,x
Fanning's Appliances,ChIJw-8pqbWLV4gR65OQhEZ5DUw,http://www.fanningsappliance.com/,https://www.fanningsappliance.com/laundry/washers/top-load/,,x
Fanning's Appliances,ChIJw-8pqbWLV4gR65OQhEZ5DUw,http://www.fanningsappliance.com/,https://www.fanningsappliance.com/laundry/washers/front-load/,,x
Fanning's Appliances,ChIJw-8pqbWLV4gR65OQhEZ5DUw,http://www.fanningsappliance.com/,https://www.fanningsappliance.com/dishwashers/,FALSE,x
Fanning's Appliances,ChIJw-8pqbWLV4gR65OQhEZ5DUw,http://www.fanningsappliance.com/,https://www.fanningsappliance.com/dishwashers/stainless-steel/,FALSE,x
Fanning's Appliances,ChIJw-8pqbWLV4gR65OQhEZ5DUw,http://www.fanningsappliance.com/,https://www.fanningsappliance.com/dishwashers/black-stainless/,FALSE,x
Fanning's Appliances,ChIJw-8pqbWLV4gR65OQhEZ5DUw,http://www.fanningsappliance.com/,https://www.fanningsappliance.com/dishwashers/black/,FALSE,x
Fanning's Appliances,ChIJw-8pqbWLV4gR65OQhEZ5DUw,http://www.fanningsappliance.com/,https://www.fanningsappliance.com/dishwashers/white/,FALSE,x
Fanning's Appliances,ChIJw-8pqbWLV4gR65OQhEZ5DUw,http://www.fanningsappliance.com/,https://www.fanningsappliance.com/dishwashers/,FALSE,x
Fanning's Appliances,ChIJw-8pqbWLV4gR65OQhEZ5DUw,http://www.fanningsappliance.com/,https://www.fanningsappliance.com/laundry/dryers/,,x
Fanning's Appliances,ChIJw-8pqbWLV4gR65OQhEZ5DUw,http://www.fanningsappliance.com/,https://www.fanningsappliance.com/laundry/dryers/top-load/,,x
Fanning's Appliances,ChIJw-8pqbWLV4gR65OQhEZ5DUw,http://www.fanningsappliance.com/,https://www.fanningsappliance.com/laundry/dryers/top-load/gas/,FALSE,x
Fanning's Appliances,ChIJw-8pqbWLV4gR65OQhEZ5DUw,http://www.fanningsappliance.com/,https://www.fanningsappliance.com/laundry/dryers/top-load/electric/,,x
Fanning's Appliances,ChIJw-8pqbWLV4gR65OQhEZ5DUw,http://www.fanningsappliance.com/,https://www.fanningsappliance.com/laundry/dryers/front-load/,,x
Fanning's Appliances,ChIJw-8pqbWLV4gR65OQhEZ5DUw,http://www.fanningsappliance.com/,https://www.fanningsappliance.com/laundry/dryers/front-load/gas/,FALSE,x
Fanning's Appliances,ChIJw-8pqbWLV4gR65OQhEZ5DUw,http://www.fanningsappliance.com/,https://www.fanningsappliance.com/laundry/dryers/front-load/electric/,,x
Fanning's Appliances,ChIJw-8pqbWLV4gR65OQhEZ5DUw,http://www.fanningsappliance.com/,https://www.fanningsappliance.com/laundry/washers/,,x
Fanning's Appliances,ChIJw-8pqbWLV4gR65OQhEZ5DUw,http://www.fanningsappliance.com/,https://www.fanningsappliance.com/laundry/washers/top-load/,,x
Fanning's Appliances,ChIJw-8pqbWLV4gR65OQhEZ5DUw,http://www.fanningsappliance.com/,https://www.fanningsappliance.com/laundry/washers/front-load/,,x
Fanning's Appliances,ChIJw-8pqbWLV4gR65OQhEZ5DUw,http://www.fanningsappliance.com/,https://www.fanningsappliance.com/laundry/washers/,,x
Fanning's Appliances,ChIJw-8pqbWLV4gR65OQhEZ5DUw,http://www.fanningsappliance.com/,https://www.fanningsappliance.com/laundry/washers/,,x
Fanning's Appliances,ChIJw-8pqbWLV4gR65OQhEZ5DUw,http://www.fanningsappliance.com/,https://www.fanningsappliance.com/laundry/dryers/,,x
Fanning's Appliances,ChIJw-8pqbWLV4gR65OQhEZ5DUw,http://www.fanningsappliance.com/,https://www.fanningsappliance.com/laundry/dryers/,,x
Fanning's Appliances,ChIJw-8pqbWLV4gR65OQhEZ5DUw,http://www.fanningsappliance.com/,https://www.fanningsappliance.com/dishwashers/,FALSE,x
Fanning's Appliances,ChIJw-8pqbWLV4gR65OQhEZ5DUw,http://www.fanningsappliance.com/,https://www.fanningsappliance.com/dishwashers/,FALSE,x
Fanning's Appliances,ChIJw-8pqbWLV4gR65OQhEZ5DUw,http://www.fanningsappliance.com/,https://www.fanningsappliance.com/ge-gfw655spvds-50-cuft-smart-front-load-washer-in.html,,x
Fanning's Appliances,ChIJw-8pqbWLV4gR65OQhEZ5DUw,http://www.fanningsappliance.com/,https://www.fanningsappliance.com/ge-gfw655spvds-50-cuft-smart-front-load-washer-in.html,,x
"Appliances 4 Less Lexington - Discount Appliances , Scratch and Dent Appliances",ChIJg7EWsqqX-IgRrnRFJTf4y_E,http://a4llexington.com/,https://a4llexington.com/product-category/washer-dryer-combos/,FALSE,x
"Appliances 4 Less Lexington - Discount Appliances , Scratch and Dent Appliances",ChIJg7EWsqqX-IgRrnRFJTf4y_E,http://a4llexington.com/,https://a4llexington.com/product-category/washers/,,x
"Appliances 4 Less Lexington - Discount Appliances , Scratch and Dent Appliances",ChIJg7EWsqqX-IgRrnRFJTf4y_E,http://a4llexington.com/,https://a4llexington.com/product-category/dryers/,,x
"Appliances 4 Less Lexington - Discount Appliances , Scratch and Dent Appliances",ChIJg7EWsqqX-IgRrnRFJTf4y_E,http://a4llexington.com/,https://a4llexington.com/product-category/dishwashers/,FALSE,x
"Appliances 4 Less Lexington - Discount Appliances , Scratch and Dent Appliances",ChIJg7EWsqqX-IgRrnRFJTf4y_E,http://a4llexington.com/,https://a4llexington.com/product-category/washer-dryer-combos/,FALSE,x
"Appliances 4 Less Lexington - Discount Appliances , Scratch and Dent Appliances",ChIJg7EWsqqX-IgRrnRFJTf4y_E,http://a4llexington.com/,https://a4llexington.com/product-category/washer-dryer-combos/,FALSE,x
"Appliances 4 Less Lexington - Discount Appliances , Scratch and Dent Appliances",ChIJg7EWsqqX-IgRrnRFJTf4y_E,http://a4llexington.com/,https://a4llexington.com/product-category/washer-dryer-combos/,FALSE,x
"Appliances 4 Less Lexington - Discount Appliances , Scratch and Dent Appliances",ChIJg7EWsqqX-IgRrnRFJTf4y_E,http://a4llexington.com/,https://a4llexington.com/product-category/washers/,,x
"Appliances 4 Less Lexington - Discount Appliances , Scratch and Dent Appliances",ChIJg7EWsqqX-IgRrnRFJTf4y_E,http://a4llexington.com/,https://a4llexington.com/product-category/washers/,,x
"Appliances 4 Less Lexington - Discount Appliances , Scratch and Dent Appliances",ChIJg7EWsqqX-IgRrnRFJTf4y_E,http://a4llexington.com/,https://a4llexington.com/product-category/washers/,,x
"Appliances 4 Less Lexington - Discount Appliances , Scratch and Dent Appliances",ChIJg7EWsqqX-IgRrnRFJTf4y_E,http://a4llexington.com/,https://a4llexington.com/product-category/dryers/,,x
"Appliances 4 Less Lexington - Discount Appliances , Scratch and Dent Appliances",ChIJg7EWsqqX-IgRrnRFJTf4y_E,http://a4llexington.com/,https://a4llexington.com/product-category/dryers/,,x
"Appliances 4 Less Lexington - Discount Appliances , Scratch and Dent Appliances",ChIJg7EWsqqX-IgRrnRFJTf4y_E,http://a4llexington.com/,https://a4llexington.com/product-category/dryers/,,x
"Appliances 4 Less Lexington - Discount Appliances , Scratch and Dent Appliances",ChIJg7EWsqqX-IgRrnRFJTf4y_E,http://a4llexington.com/,https://a4llexington.com/product-category/dishwashers/,FALSE,x
"Appliances 4 Less Lexington - Discount Appliances , Scratch and Dent Appliances",ChIJg7EWsqqX-IgRrnRFJTf4y_E,http://a4llexington.com/,https://a4llexington.com/product-category/dishwashers/,FALSE,x
"Appliances 4 Less Lexington - Discount Appliances , Scratch and Dent Appliances",ChIJg7EWsqqX-IgRrnRFJTf4y_E,http://a4llexington.com/,https://a4llexington.com/product-category/dishwashers/,FALSE,x
"Appliances 4 Less Lexington - Discount Appliances , Scratch and Dent Appliances",ChIJg7EWsqqX-IgRrnRFJTf4y_E,http://a4llexington.com/,https://a4llexington.com/product/front-control-dishwasher-with-quadwash/,FALSE,x
"Appliances 4 Less Lexington - Discount Appliances , Scratch and Dent Appliances",ChIJg7EWsqqX-IgRrnRFJTf4y_E,http://a4llexington.com/,https://a4llexington.com/product/front-control-dishwasher-with-quadwash/,FALSE,x
"Appliances 4 Less Lexington - Discount Appliances , Scratch and Dent Appliances",ChIJg7EWsqqX-IgRrnRFJTf4y_E,http://a4llexington.com/,https://a4llexington.com/product/front-control-dishwasher-with-quadwash/,FALSE,x
"Appliances 4 Less Lexington - Discount Appliances , Scratch and Dent Appliances",ChIJg7EWsqqX-IgRrnRFJTf4y_E,http://a4llexington.com/,https://a4llexington.com/product/front-control-dishwasher-with-quadwash/,FALSE,x
"Appliances 4 Less Lexington - Discount Appliances , Scratch and Dent Appliances",ChIJg7EWsqqX-IgRrnRFJTf4y_E,http://a4llexington.com/,https://a4llexington.com/product/7-3-cu-ft-smart-wi-fi-enabled-electric-dryer-with-turbosteam-3/,,x
"Appliances 4 Less Lexington - Discount Appliances , Scratch and Dent Appliances",ChIJg7EWsqqX-IgRrnRFJTf4y_E,http://a4llexington.com/,https://a4llexington.com/product/7-3-cu-ft-smart-wi-fi-enabled-electric-dryer-with-turbosteam-3/,,x
"Appliances 4 Less Lexington - Discount Appliances , Scratch and Dent Appliances",ChIJg7EWsqqX-IgRrnRFJTf4y_E,http://a4llexington.com/,https://a4llexington.com/product/7-3-cu-ft-smart-wi-fi-enabled-electric-dryer-with-turbosteam-3/,,x
"Appliances 4 Less Lexington - Discount Appliances , Scratch and Dent Appliances",ChIJg7EWsqqX-IgRrnRFJTf4y_E,http://a4llexington.com/,https://a4llexington.com/product/7-3-cu-ft-smart-wi-fi-enabled-electric-dryer-with-turbosteam-3/,,x
"Appliances 4 Less Lexington - Discount Appliances , Scratch and Dent Appliances",ChIJg7EWsqqX-IgRrnRFJTf4y_E,http://a4llexington.com/,https://a4llexington.com/product/lg-signature-5-8-cu-ft-large-smart-wi-fi-enabled-front-load-washer-2/,,x
"Appliances 4 Less Lexington - Discount Appliances , Scratch and Dent Appliances",ChIJg7EWsqqX-IgRrnRFJTf4y_E,http://a4llexington.com/,https://a4llexington.com/product/lg-signature-5-8-cu-ft-large-smart-wi-fi-enabled-front-load-washer-2/,,x
"Appliances 4 Less Lexington - Discount Appliances , Scratch and Dent Appliances",ChIJg7EWsqqX-IgRrnRFJTf4y_E,http://a4llexington.com/,https://a4llexington.com/product/lg-signature-5-8-cu-ft-large-smart-wi-fi-enabled-front-load-washer-2/,,x
"Appliances 4 Less Lexington - Discount Appliances , Scratch and Dent Appliances",ChIJg7EWsqqX-IgRrnRFJTf4y_E,http://a4llexington.com/,https://a4llexington.com/product/lg-signature-5-8-cu-ft-large-smart-wi-fi-enabled-front-load-washer-2/,,x
"Appliances 4 Less Lexington - Discount Appliances , Scratch and Dent Appliances",ChIJg7EWsqqX-IgRrnRFJTf4y_E,http://a4llexington.com/,https://a4llexington.com/product/4-2-cu-ft-smart-wi-fi-enabled-compact-front-load-dryer-with-dual-inverter-heatpump-technology-2/,,x
"Appliances 4 Less Lexington - Discount Appliances , Scratch and Dent Appliances",ChIJg7EWsqqX-IgRrnRFJTf4y_E,http://a4llexington.com/,https://a4llexington.com/product/4-2-cu-ft-smart-wi-fi-enabled-compact-front-load-dryer-with-dual-inverter-heatpump-technology-2/,,x
"Appliances 4 Less Lexington - Discount Appliances , Scratch and Dent Appliances",ChIJg7EWsqqX-IgRrnRFJTf4y_E,http://a4llexington.com/,https://a4llexington.com/product/4-2-cu-ft-smart-wi-fi-enabled-compact-front-load-dryer-with-dual-inverter-heatpump-technology-2/,,x
"Appliances 4 Less Lexington - Discount Appliances , Scratch and Dent Appliances",ChIJg7EWsqqX-IgRrnRFJTf4y_E,http://a4llexington.com/,https://a4llexington.com/product/4-2-cu-ft-smart-wi-fi-enabled-compact-front-load-dryer-with-dual-inverter-heatpump-technology-2/,,x
"Appliances 4 Less Lexington - Discount Appliances , Scratch and Dent Appliances",ChIJg7EWsqqX-IgRrnRFJTf4y_E,http://a4llexington.com/,https://a4llexington.com/product/4-5-cu-ft-ultra-large-capacity-smart-wi-fi-enabled-front-load-washer-with-built-in-intelligence-steam-technology-4/,,x
"Appliances 4 Less Lexington - Discount Appliances , Scratch and Dent Appliances",ChIJg7EWsqqX-IgRrnRFJTf4y_E,http://a4llexington.com/,https://a4llexington.com/product/4-5-cu-ft-ultra-large-capacity-smart-wi-fi-enabled-front-load-washer-with-built-in-intelligence-steam-technology-4/,,x
"Appliances 4 Less Lexington - Discount Appliances , Scratch and Dent Appliances",ChIJg7EWsqqX-IgRrnRFJTf4y_E,http://a4llexington.com/,https://a4llexington.com/product/4-5-cu-ft-ultra-large-capacity-smart-wi-fi-enabled-front-load-washer-with-built-in-intelligence-steam-technology-4/,,x
"Appliances 4 Less Lexington - Discount Appliances , Scratch and Dent Appliances",ChIJg7EWsqqX-IgRrnRFJTf4y_E,http://a4llexington.com/,https://a4llexington.com/product/4-5-cu-ft-ultra-large-capacity-smart-wi-fi-enabled-front-load-washer-with-built-in-intelligence-steam-technology-4/,,x
"Appliances 4 Less Lexington - Discount Appliances , Scratch and Dent Appliances",ChIJg7EWsqqX-IgRrnRFJTf4y_E,http://a4llexington.com/,https://a4llexington.com/product/5-3-cu-ft-high-efficiency-smart-top-load-washer-with-4-way-agitator-and-turbowash3d/,,x
"Appliances 4 Less Lexington - Discount Appliances , Scratch and Dent Appliances",ChIJg7EWsqqX-IgRrnRFJTf4y_E,http://a4llexington.com/,https://a4llexington.com/product/5-3-cu-ft-high-efficiency-smart-top-load-washer-with-4-way-agitator-and-turbowash3d/,,x
"Appliances 4 Less Lexington - Discount Appliances , Scratch and Dent Appliances",ChIJg7EWsqqX-IgRrnRFJTf4y_E,http://a4llexington.com/,https://a4llexington.com/product/5-3-cu-ft-high-efficiency-smart-top-load-washer-with-4-way-agitator-and-turbowash3d/,,x
"Appliances 4 Less Lexington - Discount Appliances , Scratch and Dent Appliances",ChIJg7EWsqqX-IgRrnRFJTf4y_E,http://a4llexington.com/,https://a4llexington.com/product/5-3-cu-ft-high-efficiency-smart-top-load-washer-with-4-way-agitator-and-turbowash3d/,,x
"Appliances 4 Less Lexington - Discount Appliances , Scratch and Dent Appliances",ChIJg7EWsqqX-IgRrnRFJTf4y_E,http://a4llexington.com/,https://a4llexington.com/product/9-0-cu-ft-mega-capacity-smart-wi-fi-enabled-front-load-electric-dryer-with-turbosteam-and-built-in-intelligence/,,x
"Appliances 4 Less Lexington - Discount Appliances , Scratch and Dent Appliances",ChIJg7EWsqqX-IgRrnRFJTf4y_E,http://a4llexington.com/,https://a4llexington.com/product/9-0-cu-ft-mega-capacity-smart-wi-fi-enabled-front-load-electric-dryer-with-turbosteam-and-built-in-intelligence/,,x
"Appliances 4 Less Lexington - Discount Appliances , Scratch and Dent Appliances",ChIJg7EWsqqX-IgRrnRFJTf4y_E,http://a4llexington.com/,https://a4llexington.com/product/9-0-cu-ft-mega-capacity-smart-wi-fi-enabled-front-load-electric-dryer-with-turbosteam-and-built-in-intelligence/,,x
"Appliances 4 Less Lexington - Discount Appliances , Scratch and Dent Appliances",ChIJg7EWsqqX-IgRrnRFJTf4y_E,http://a4llexington.com/,https://a4llexington.com/product/9-0-cu-ft-mega-capacity-smart-wi-fi-enabled-front-load-electric-dryer-with-turbosteam-and-built-in-intelligence/,,x
"Appliances 4 Less Lexington - Discount Appliances , Scratch and Dent Appliances",ChIJg7EWsqqX-IgRrnRFJTf4y_E,http://a4llexington.com/,https://a4llexington.com/product/single-unit-front-load-lg-washtower-with-center-control-4-5-cu-ft-washer-and-7-4-cu-ft-electric-dryer-3/,FALSE,x
"Appliances 4 Less Lexington - Discount Appliances , Scratch and Dent Appliances",ChIJg7EWsqqX-IgRrnRFJTf4y_E,http://a4llexington.com/,https://a4llexington.com/product/single-unit-front-load-lg-washtower-with-center-control-4-5-cu-ft-washer-and-7-4-cu-ft-electric-dryer-3/,FALSE,x
"Appliances 4 Less Lexington - Discount Appliances , Scratch and Dent Appliances",ChIJg7EWsqqX-IgRrnRFJTf4y_E,http://a4llexington.com/,https://a4llexington.com/product/single-unit-front-load-lg-washtower-with-center-control-4-5-cu-ft-washer-and-7-4-cu-ft-electric-dryer-3/,FALSE,x
"Appliances 4 Less Lexington - Discount Appliances , Scratch and Dent Appliances",ChIJg7EWsqqX-IgRrnRFJTf4y_E,http://a4llexington.com/,https://a4llexington.com/product/single-unit-front-load-lg-washtower-with-center-control-4-5-cu-ft-washer-and-7-4-cu-ft-electric-dryer-3/,FALSE,x
"Appliances 4 Less Lexington - Discount Appliances , Scratch and Dent Appliances",ChIJg7EWsqqX-IgRrnRFJTf4y_E,http://a4llexington.com/,https://a4llexington.com/product/single-unit-front-load-lg-washtower-with-center-control-4-5-cu-ft-washer-and-7-4-cu-ft-electric-dryer-3/,FALSE,x
"Appliances 4 Less Lexington - Discount Appliances , Scratch and Dent Appliances",ChIJg7EWsqqX-IgRrnRFJTf4y_E,http://a4llexington.com/,https://a4llexington.com/product/single-unit-front-load-lg-washtower-with-center-control-4-5-cu-ft-washer-and-7-4-cu-ft-electric-dryer-3/,FALSE,x
"Appliances 4 Less Lexington - Discount Appliances , Scratch and Dent Appliances",ChIJg7EWsqqX-IgRrnRFJTf4y_E,http://a4llexington.com/,https://a4llexington.com/product-category/washer-dryer-combos/,,x
"Appliances 4 Less Lexington - Discount Appliances , Scratch and Dent Appliances",ChIJg7EWsqqX-IgRrnRFJTf4y_E,http://a4llexington.com/,https://a4llexington.com/product-category/washers/,,x
"Appliances 4 Less Lexington - Discount Appliances , Scratch and Dent Appliances",ChIJg7EWsqqX-IgRrnRFJTf4y_E,http://a4llexington.com/,https://a4llexington.com/product-category/dryers/,,x
"Appliances 4 Less Lexington - Discount Appliances , Scratch and Dent Appliances",ChIJg7EWsqqX-IgRrnRFJTf4y_E,http://a4llexington.com/,https://a4llexington.com/product-category/dishwashers/,FALSE,x
Appliance GrandMasters,ChIJD6-lf7srWIgRyml5CYKODnM,https://appliancegm.com/,https://appliancegm.com/dryer-repair-service/,FALSE,x
Appliance GrandMasters,ChIJD6-lf7srWIgRyml5CYKODnM,https://appliancegm.com/,https://appliancegm.com/washer-repair-service/,FALSE,x
Appliance GrandMasters,ChIJD6-lf7srWIgRyml5CYKODnM,https://appliancegm.com/,https://appliancegm.com/dishwasher-repair-service/,FALSE,x
Appliance GrandMasters,ChIJD6-lf7srWIgRyml5CYKODnM,https://appliancegm.com/,https://appliancegm.com/dryer-repair-service/,FALSE,x
Appliance GrandMasters,ChIJD6-lf7srWIgRyml5CYKODnM,https://appliancegm.com/,https://appliancegm.com/washer-repair-service/,FALSE,x
Appliance GrandMasters,ChIJD6-lf7srWIgRyml5CYKODnM,https://appliancegm.com/,https://appliancegm.com/dishwasher-repair-service/,FALSE,x
Appliance GrandMasters,ChIJD6-lf7srWIgRyml5CYKODnM,https://appliancegm.com/,https://appliancegm.com/dishwasher-repair-service/,FALSE,x
Appliance GrandMasters,ChIJD6-lf7srWIgRyml5CYKODnM,https://appliancegm.com/,https://appliancegm.com/dishwasher-repair-service/,FALSE,x
Appliance GrandMasters,ChIJD6-lf7srWIgRyml5CYKODnM,https://appliancegm.com/,https://appliancegm.com/washer-repair-service/,FALSE,x
Appliance GrandMasters,ChIJD6-lf7srWIgRyml5CYKODnM,https://appliancegm.com/,https://appliancegm.com/washer-repair-service/,FALSE,x
Appliance GrandMasters,ChIJD6-lf7srWIgRyml5CYKODnM,https://appliancegm.com/,https://appliancegm.com/dryer-repair-service/,FALSE,x
Appliance GrandMasters,ChIJD6-lf7srWIgRyml5CYKODnM,https://appliancegm.com/,https://appliancegm.com/dryer-repair-service/,FALSE,x
Appliance GrandMasters,ChIJD6-lf7srWIgRyml5CYKODnM,https://appliancegm.com/,https://appliancegm.com/general/4-essential-tips-for-smart-dryer-care/,FALSE,x
Appliance GrandMasters,ChIJD6-lf7srWIgRyml5CYKODnM,https://appliancegm.com/,https://appliancegm.com/general/5-whirlpool-washer-repair-error-codes/,FALSE,x
Appliance GrandMasters,ChIJD6-lf7srWIgRyml5CYKODnM,https://appliancegm.com/,https://appliancegm.com/blog/8-common-error-codes-in-samsung-dryers/,FALSE,x
Appliance GrandMasters,ChIJD6-lf7srWIgRyml5CYKODnM,https://appliancegm.com/,https://appliancegm.com/washer-repair-service/,FALSE,x
Appliance GrandMasters,ChIJD6-lf7srWIgRyml5CYKODnM,https://appliancegm.com/,https://appliancegm.com/dryer-repair-service/,FALSE,x
Appliance GrandMasters,ChIJD6-lf7srWIgRyml5CYKODnM,https://appliancegm.com/,https://appliancegm.com/dishwasher-repair-service/,FALSE,x
Appliance GrandMasters,ChIJD6-lf7srWIgRyml5CYKODnM,https://appliancegm.com/,https://appliancegm.com/dryer-repair-service/,FALSE,x
Appliance GrandMasters,ChIJD6-lf7srWIgRyml5CYKODnM,https://appliancegm.com/,https://appliancegm.com/washer-repair-service/,FALSE,x
Appliance GrandMasters,ChIJD6-lf7srWIgRyml5CYKODnM,https://appliancegm.com/,https://appliancegm.com/dishwasher-repair-service/,FALSE,x
Appliance GrandMasters,ChIJD6-lf7srWIgRyml5CYKODnM,https://appliancegm.com/,https://appliancegm.com/dryer-repair-service/,FALSE,x
Appliance GrandMasters,ChIJD6-lf7srWIgRyml5CYKODnM,https://appliancegm.com/,https://appliancegm.com/washer-repair-service/,FALSE,x
Appliance GrandMasters,ChIJD6-lf7srWIgRyml5CYKODnM,https://appliancegm.com/,https://appliancegm.com/dishwasher-repair-service/,FALSE,x
Appliance Outlet,ChIJq6r6rVq-9YgR3ppi0mFWV5E,https://www.lawrencevillehomeappliances.com/,https://lawrencevillehomeappliances.com/washer_and_dryers,FALSE,x
Appliance Outlet,ChIJq6r6rVq-9YgR3ppi0mFWV5E,https://www.lawrencevillehomeappliances.com/,https://lawrencevillehomeappliances.com/washer_and_dryers,FALSE,x
Appliance Express,ChIJu-QCGGiIVogR7bV01dkg02Q,https://www.applianceexpressoutlet.com/,https://www.applianceexpressoutlet.com/product-category/scratch-and-dent-dish-washers/,FALSE,x
Appliance Express,ChIJu-QCGGiIVogR7bV01dkg02Q,https://www.applianceexpressoutlet.com/,https://www.applianceexpressoutlet.com/product-category/scratch-and-dent-washers/,,x
Appliance Express,ChIJu-QCGGiIVogR7bV01dkg02Q,https://www.applianceexpressoutlet.com/,https://www.applianceexpressoutlet.com/product-category/scratch-and-dent-dryers/,,x
Appliance Express,ChIJu-QCGGiIVogR7bV01dkg02Q,https://www.applianceexpressoutlet.com/,https://www.applianceexpressoutlet.com/product-category/washer-dryer-pairs/,,x
Appliance Express,ChIJu-QCGGiIVogR7bV01dkg02Q,https://www.applianceexpressoutlet.com/,https://www.applianceexpressoutlet.com/product-category/scratch-and-dent-dish-washers/,FALSE,x
Appliance Express,ChIJu-QCGGiIVogR7bV01dkg02Q,https://www.applianceexpressoutlet.com/,https://www.applianceexpressoutlet.com/product-category/scratch-and-dent-washers/,,x
Appliance Express,ChIJu-QCGGiIVogR7bV01dkg02Q,https://www.applianceexpressoutlet.com/,https://www.applianceexpressoutlet.com/product-category/scratch-and-dent-dryers/,,x
Appliance Express,ChIJu-QCGGiIVogR7bV01dkg02Q,https://www.applianceexpressoutlet.com/,https://www.applianceexpressoutlet.com/product-category/washer-dryer-pairs/,FALSE,x
Appliance Express,ChIJu-QCGGiIVogR7bV01dkg02Q,https://www.applianceexpressoutlet.com/,https://www.applianceexpressoutlet.com/product-category/scratch-and-dent-dish-washers/,FALSE,x
Appliance Express,ChIJu-QCGGiIVogR7bV01dkg02Q,https://www.applianceexpressoutlet.com/,https://www.applianceexpressoutlet.com/product-category/scratch-and-dent-washers/,,x
Appliance Express,ChIJu-QCGGiIVogR7bV01dkg02Q,https://www.applianceexpressoutlet.com/,https://www.applianceexpressoutlet.com/product-category/scratch-and-dent-dryers/,,x
Appliance Express,ChIJu-QCGGiIVogR7bV01dkg02Q,https://www.applianceexpressoutlet.com/,https://www.applianceexpressoutlet.com/product-category/washer-dryer-pairs/,,x
Grand Appliances•New Sales•Scratch and Dent Sales,ChIJyVYs556X-IgROaujRVKGHzY,http://www.grandappliancesc.com/,https://www.grandappliancesc.com/catalog/dishwashers,FALSE,x
Grand Appliances•New Sales•Scratch and Dent Sales,ChIJyVYs556X-IgROaujRVKGHzY,http://www.grandappliancesc.com/,https://www.grandappliancesc.com/catalog/dishwashers,FALSE,x